# Traffic light L1 in C3902, state changes noted by hand while labelling (2026-09-26).
# Agrees with scripts/plot_signal_timeline.py within 0.8 s at all 16 changes (the hand notes run ~0.3 s
# late: reaction time). "red+yellow" = both lamps lit for ~3 s before green; it is still red.
video,time,state
C3902.MP4,0:00.0,red
C3902.MP4,0:35.0,red+yellow
C3902.MP4,0:37.4,green
C3902.MP4,1:15.4,yellow
C3902.MP4,1:18.5,red
C3902.MP4,1:55.0,red+yellow
C3902.MP4,1:57.3,green
C3902.MP4,2:35.5,yellow
C3902.MP4,2:38.5,red
C3902.MP4,3:15.0,red+yellow
C3902.MP4,3:17.2,green
C3902.MP4,3:55.2,yellow
C3902.MP4,3:58.3,red
C3902.MP4,4:35.0,red+yellow
C3902.MP4,4:37.7,green
C3902.MP4,5:15.4,yellow
